{
    "XGBoost": {
        "0": {
            "precision": 0.7086247086247086,
            "recall": 0.5390070921985816,
            "f1-score": 0.6122860020140987,
            "support": 564.0
        },
        "1": {
            "precision": 0.49469214437367304,
            "recall": 0.3722044728434505,
            "f1-score": 0.4247948951686418,
            "support": 626.0
        },
        "2": {
            "precision": 0.4032496307237814,
            "recall": 0.7054263565891473,
            "f1-score": 0.5131578947368421,
            "support": 387.0
        },
        "accuracy": 0.5136334812935954,
        "macro avg": {
            "precision": 0.535522161240721,
            "recall": 0.5388793072103931,
            "f1-score": 0.5167462639731942,
            "support": 1577.0
        },
        "weighted avg": {
            "precision": 0.5487629835969299,
            "recall": 0.5136334812935954,
            "f1-score": 0.5135339345432336,
            "support": 1577.0
        }
    },
    "LightGBM": {
        "0": {
            "precision": 0.7400468384074942,
            "recall": 0.5602836879432624,
            "f1-score": 0.6377396569122099,
            "support": 564.0
        },
        "1": {
            "precision": 0.5578231292517006,
            "recall": 0.3929712460063898,
            "f1-score": 0.4611059044048735,
            "support": 626.0
        },
        "2": {
            "precision": 0.4076163610719323,
            "recall": 0.7467700258397932,
            "f1-score": 0.5273722627737226,
            "support": 387.0
        },
        "accuracy": 0.5396322130627774,
        "macro avg": {
            "precision": 0.5684954429103758,
            "recall": 0.5666749865964819,
            "f1-score": 0.5420726080302686,
            "support": 1577.0
        },
        "weighted avg": {
            "precision": 0.5861326743869557,
            "recall": 0.5396322130627774,
            "f1-score": 0.5405393331321292,
            "support": 1577.0
        }
    }
}